{"cameraMode":{"drawMode":0,"name":"Shaded","section":"Shading Mode"},"sceneLighting":true,"audioPlay":false,"sceneViewState":{"m_AlwaysRefresh":false,"showFog":true,"showSkybox":true,"showFlares":true,"showImageEffects":true,"showParticleSystems":true,"showVisualEffectGraphs":true,"m_FxEnabled":true},"in2DMode":false,"pivot":{"x":5.0883684158325199,"y":0.13992254436016084,"z":-1.4591134786605836},"rotation":{"x":-0.004011434968560934,"y":-0.4524458646774292,"z":-0.0020401987712830307,"w":0.8918057084083557},"size":11.636889457702637,"orthographic":true}